"TREAT","min","max","mean","median"
"DARK",8,37,22.1428571428571,21
"LIGHT",4,27,16.3571428571429,17.5
